customername,customerDob
Abdul Frost,2016-08-01
Carl Martin,2022-01-21
Gary Evans-Booth,1982-05-03
Susan Martin,1999-06-04
Dr Angela White,2012-11-24
Mr Owen Read,2002-12-21
Mrs Danielle Brown,1984-07-20
Mr Jonathan Bond,1999-07-16
Miss Danielle Jones,2009-01-01
Ms Chloe Stephenson,1983-03-10
Phillip Fitzgerald-Ross,1999-08-07
Mr Brandon Clarke,2002-10-01
Denise Elliott,2014-01-27
Phillip Winter-Newman,1995-02-18
Brandon Lane,1995-12-15
Luke Hughes,2020-05-27
Miss Denise Edwards,1977-12-14
Dr Hazel Hancock,2006-02-08
Melissa Johnson,1994-01-29
Owen Freeman,2003-11-20
Samantha Hall-Fletcher,2018-11-18
Charlotte Brooks-Lamb,2006-03-31
Dominic Jackson,2010-05-14
Miss Gemma Davies,1974-04-09
Natasha Black-Thompson,2000-02-05
Jane Williams,1987-11-04
Barry Murphy,1972-11-11
Debra Bowen-Lord,2007-10-31
Ann Wilson,2016-06-08
Bernard Hill,1989-06-27
Miss Charlene Kelly,1980-02-05
Danielle Graham,2022-07-04
Mrs Katherine Dawson,2013-07-14
Kathleen Smith-Williams,1976-11-21
Diana Davis-Hall,1992-04-29
Glenn Brown,1979-05-01
Dr Jay Potter,1979-08-26
Dr Craig Gill,1982-11-20
Mrs Pamela Fuller,1972-07-21
Clare Fox-Fleming,2020-02-19
Nicole Atkins,2022-12-19
Naomi North,1988-02-17
Mrs Vanessa Hurst,1995-03-15
Russell Moore,2008-12-30
Kim Griffin,1999-07-02
Sylvia James-Robson,2009-01-06
Mr Callum Ashton,2014-10-19
Mrs Elizabeth Brown,1975-12-31
Leonard Parker,2013-05-31
Jayne Kerr,1974-06-17
Valerie Begum,1979-10-10
Amy Rose,1995-04-20
Sharon Kaur,2021-04-03
Mrs June Cook,2008-02-03
Ross Chambers-Parker,2010-10-23
Bernard Hammond,2014-04-16
Trevor Wong-Barber,1993-08-13
Mr Billy Pearce,2002-10-01
Mrs Bethany French,2023-06-21
Georgina Spencer,2009-02-04
Patrick Byrne,1978-09-04
Jason Lamb,2002-08-21
Simon Humphreys,2018-11-25
Graeme Holmes,1982-04-25
Mr Simon Carpenter,1981-03-12
Liam Garner,2000-06-06
Hilary Edwards,1970-12-25
Kirsty Owen,1980-10-31
Caroline Randall,1987-02-13
Lindsey Mitchell,1975-12-19
Dr Jordan May,2020-05-17
Mr Ronald Murphy,2019-04-09
Elaine Khan-Black,2003-03-06
Jonathan Walker,2018-07-09
Mr Terence Wilson,1991-06-03
Emily Bradley-Houghton,2005-03-29
Mrs Katy Taylor,2010-04-17
Charlene Potts,2021-12-04
Mr Reece Graham,1972-06-10
Mrs Mandy Young,1990-07-21
Ben Jones,2015-09-01
Anna Jenkins,2019-02-02
Jemma Taylor,1983-12-10
Anthony McKenzie-Flynn,1995-06-16
Miss Maria Davies,2015-07-20
Danielle Russell-Parker,1995-03-12
Janice Johnson,1979-01-21
Mr Douglas James,2006-05-04
Mr Stuart Faulkner,2017-10-08
Jill Young,2004-08-23
Andrew Jones,2009-08-09
Marion Wheeler-Stewart,2004-12-05
Dr Ricky Edwards,1987-07-31
Anna Blake,2005-07-14
Mr Damian Field,1983-02-14
Mr Declan Jones,2003-02-02
Ronald Stephenson-Pearce,1990-05-10
Dr Scott Parkinson,2009-03-10
Sam Harris,2023-07-18
Mrs Kelly Wright,1977-08-20
